Topic,SEO Title | Description
Психология «мягкого влияния» в деловых переговорах 2026,Психология «мягкого влияния» в деловых переговорах 2026 | Как использовать мягкое влияние для эффективных деловых переговоров и построения крепких партнерских отношений. Общаясь без принуждения и нахождении общих интересов.
Экономика впечатлений: почему эмоции стоят дороже товаров,"Экономика взрыва эмоций: зачем бизнесу тратиться на чувства | «Эмоции стоят дороже товаров» – так можно назвать новую экономику. Уже сейчас люди готовы платить больше за то, чтобы они чувствовали себя хорошо после покупки или взаимодействия с брендом."
Как нейтрализовать конфликт с клиентом за 2 минуты,"Классная задача!

Тема: ""Как нейтрализовать конфликт с клиентом за 2 минуты""

""Не теряйте клиентов из-за конфликтов! Узнайте, как быстро разрядить эмоции и найти решительный путь к договору. Прочтите, и вы поймете, как за 2 минуты размягчить даже самого упрямного клиента!"""
Инвестиции в саморазвитие: расчет окупаемости (ROI) обучения,"Низкая стоимость - 2000 р. +наценка 

Искусство расчета ROI: как оценить эффективность обучения? | Рассчитайте верное инвестиции в свои навыки и карьеру с помощью простого и точного метода расчета окупаемости обучения."
Тайм-менеджмент по системе Deep Work в шумном мире,"Deep Work в шумном мире: техника сосредоточенных усилий 

Практики Deep Work помогут вам вырваться из информационного шума и сосредоточиться на важнейших задачах, повышая продуктивность и эффективность на рабочем месте. Изучаем методы сосредоточения внимания, борьбы с отвлекающими факторами и техники управления временем для достижения целей."
Эволюция удаленной работы: как организовать офис где угодно,"Эволюция удаленной работы: как организовать офис где угодно

| Работайте из любой точки мира. Умно, эффективно и комфортно. Мы расскажем, как создать удаленный офис и не упустить общую работоспособность. Найдите идею, как создать продуктивный и комфортный рабочий процесс, где бы вы ни находились."
Биохакинг продуктивности: как держать энергию без кофеина,"Биохакинг продуктивности: как держать энергию без кофеина | Избавьтесь от привычки кофейного чрева и найдите естественные способы стимуляции, которые не только повышают продуктивность, но и благотворно влияют на здоровье и мозг."
Микро-предпринимательство: запуск бизнеса с нулевым бюджетом,"Микро-предпринимательство: запуск бизнеса с нулевым бюджетом | Переформатирование мышления и работа по минимальным затратам: узнаем, как запускать бизнес без изложения денег и создавать успешные бизнес-идеи на начальных этапах."
Сторителлинг в маркетинге: как продавать через истории,"""Сторителлинг: искусство продажи через истории | Играйте на эмоциях своих клиентов, рассказывая им увлекательные истории о вашей компании, продукте или сервисе. Улучшайте лояльность и продажи за счет качественного сторителлинга."""
Поведенческая экономика: почему мы делаем иррациональные покупки,"Поведенческая экономика: почему мы делаем иррациональные покупки?

| Почему мы часто покупаем то, чего не нужно, и что не приносит радости? В этой статье мы раскроем секреты поведенческой экономики и объясним, как наше нерациональное поведение формирует потребление. Узнайте, как справиться с собой и сделайте более осознанные покупки. |"
Психология ценообразования: как цифры влияют на подсознание,"Психология ценообразования: как цифры влияют на подсознание

""Узнаем, как именно цифры и числа формируют нашу психологию потребления и влияют на наше подсознательное принятие решений о покупках. Психологические техники ценообразования и их влияние на нашу психику."""
Искусство нетворкинга для интровертов в 2026 году,"Искусство нетворкинга для интровертов в 2026 году | 
""Узнайте, как интроверты могут успешно участвовать в нетворкинге и строить ценные отношения с коллегами, партнерами и потенциальными клиентами, не оставляя свою индивидуальность и не выходя из зоны комфорта. Используйте современные стратегии и инструменты для расширения своего профессионального круга и достижения успеха, даже с минимальным участием в групповых мероприятиях."""
Финансовая грамотность в эпоху цифровых валют и активов,"Финансовая грамотность 2.0: навигация в цифровой финансовой Вселенной | Навигируйте по мирцу цифровых валют и активов, научитесь оценивать риск и получайте максимум от инвестиций в эпоху цифровых финансовых революций."
Минимализм как способ ускорить достижение жизненных целей,"Минимализм как ключ к успеху | Узнайте, как избавиться от лишнего и достичь своих жизненных целей. Минимализм - это путь к свободе и ясности, позволяющий сосредоточиться на том, что действительно важно. Мы расскажем, как минимизировать вашу жизнь и достичь победы над своими целями."
Кризис-менеджмент: сохранение репутации бренда в соцсетях,"Кризис-менеджмент в соцсетях: сохранение репутации бренда | 
В соцсетях каждый день случаются кризисы, связанные с репутацией бренда. В этом содержании мы рассмотрим основные принципы кризис-менеджмента, чтобы помочь вам защитить репутацию вашего бренда и избежать распространения негативной информации в соцсетях."
